american-airlines,American,0.05903697263800128
delta-air-lines,Delta,-0.10293336609952837
southwest-airlines,Southwest,-0.04774567486672784
united-airlines,United,0.02206441099085083
us-airways,US Airways,-0.058883872582754265
virgin-america,Virgin America,-0.11295071767737228
