american-airlines,American,-0.024794747514886178
delta-air-lines,Delta,-0.017898933364170613
southwest-airlines,Southwest,-0.0110682804197041
united-airlines,United,-0.0539764661189332
us-airways,US Airways,0.014141402679658948
virgin-america,Virgin America,0.06786453572485071
